{
	"format_version": "1.20.60",
	"minecraft:block": {
		"description": {
			"identifier": "vex:tiertwo",
			"menu_category": {
				"category": "construction"
			}
		},
		"components": {
			"minecraft:custom_components": [
				"vex:stone"
			],
			"minecraft:material_instances": {
				"*": {
					"texture": "tiertwo",
					"render_method": "blend"
				}
			},
			"minecraft:destructible_by_explosion": false,
			"minecraft:destructible_by_mining": {
				"seconds_to_destroy": 1.5
			},
			"minecraft:loot": "loot_tables/decoration/stoneTier2.json",
			"minecraft:light_dampening": 0,
			"minecraft:geometry": "geometry.src",
			"minecraft:light_emission": 0.9
		}
	}
}