{
	"format_version": "1.16.0",
	"minecraft:entity": {
		"description": {
			"identifier": "vex:holo",
			"is_spawnable": false,
			"is_summonable": true,
			"is_experimental": false
		},
		"component_groups": {
			"vex:despawn": {
				"minecraft:instant_despawn": {
                }
			}
		},
		"components": {
            "minecraft:physics": {
                "has_collision": false,
                "has_gravity": false
            },
            "minecraft:timer": {
                "time": 0.6,
                "looping": true,
                "time_down_event": {
                    "event": "vex:despawn",
                    "target": "self"
                }
            },
            "minecraft:nameable": {
                "allow_name_tag_renaming": true,
                "always_show": true
            },
			"minecraft:tameable": {},
			"minecraft:collision_box": {
				"width": 0.0001,
				"height": 0.0001
			},
			"minecraft:damage_sensor": {
				"triggers": [
					{
						"cause": "all",
						"deals_damage": false
					}
				]
			}
		},
		"events": {
            "vex:despawn":{
                "add": {
                    "component_groups": ["vex:despawn"]
                }
            }
		}
	}
}