{
	"format_version": "1.16.100",
	"minecraft:entity": {
		"description": {
			"identifier": "tropical:logo",
			"is_spawnable": true,
			"is_summonable": true,
			"is_experimental": false,
			"properties": {
				"entity:interact": {
					"range": [
					0,
					1
					],
					"type": "int",
					"client_sync": true,
					"default": 0
				}
			}
		},
		"component_groups": {
			"tropical:size_0.5": {
				"minecraft:scale": {
					"value": 0.5
				}
			},
			"tropical:size_1": {
				"minecraft:scale": {
					"value": 1
				}
			},
			"tropical:size_1.5": {
				"minecraft:scale": {
					"value": 1.5
				}
			},
			"tropical:size_2": {
				"minecraft:scale": {
					"value": 2
				}
			},
			"tropical:size_2.5": {
				"minecraft:scale": {
					"value": 2.5
				}
			}
		},
		"components": {
			"minecraft:interact": {
				"interactions": [
					{
						"use_item": false,
						"swing": true,
						"on_interact": {
							"target": "self"
						}
					}
				]
			},
			"minecraft:type_family": {
				"family": [ "armor_stand", "inanimate", "mob", "npc" ]
			  },
			  "minecraft:nameable": {
				"allow_name_tag_renaming": false,
				"always_show": true
			  },
			  "minecraft:knockback_resistance": {
				"value": 1.0
			  },
			"minecraft:physics": {},
			"minecraft:collision_box": {
                "width": 1,
                "height": 2
            },
			"minecraft:pushable": {
				"is_pushable": false,
				"is_pushable_by_piston": false
			  },
			"minecraft:scale": {
				"value": 2.3
			},
			"minecraft:breathable":{
				"breathes_air": true,
				"breathes_lava": true,
				"breathes_solids": true,
				"breathes_water": true,
				"generates_bubbles": true,
				"inhale_time": 0.0,
				"suffocate_time": -20,
				"total_supply": 15
			},
			"minecraft:damage_sensor": {
				"triggers": {
				  "cause": "all",
				  "deals_damage": false
				}
			},
			"minecraft:conditional_bandwidth_optimization": {}
		},
		"events": {
			"tropical:size_0.5":{
				"add": {
					"component_groups": ["tropical:size_0.5"]
				},
				"remove": {
					"component_groups": [
						"tropical:size_1",
						"tropical:size_1.5",
						"tropical:size_2",
						"tropical:size_2.5"
					]
				}
			},
			"tropical:size_1":{
				"add": {
					"component_groups": ["tropical:size_1"]
				},
				"remove": {
					"component_groups": [
						"tropical:size_0.5",
						"tropical:size_1.5",
						"tropical:size_2",
						"tropical:size_2.5"
					]
				}
			},
			"tropical:size_1.5":{
				"add": {
					"component_groups": ["tropical:size_1.5"]
				},
				"remove": {
					"component_groups": [
						"tropical:size_0.5",
						"tropical:size_1",
						"tropical:size_2",
						"tropical:size_2.5"
					]
				}
			},
			"tropical:size_2":{
				"add": {
					"component_groups": ["tropical:size_2"]
				},
				"remove": {
					"component_groups": [
						"tropical:size_0.5",
						"tropical:size_1",
						"tropical:size_1.5",
						"tropical:size_2.5"
					]
				}
			},
			"tropical:size_2.5":{
				"add": {
					"component_groups": ["tropical:size_2.5"]
				},
				"remove": {
					"component_groups": [
						"tropical:size_0.5",
						"tropical:size_1",
						"tropical:size_1.5",
						"tropical:size_2"
					]
				}
			}
		}
	}
}

