{
	"format_version": "1.16.100",
	"minecraft:entity": {
		"description": {
			"identifier": "src:fisher3",
			"is_spawnable": true,
			"is_summonable": true,
			"is_experimental": false
		},
		"components": {
			"minecraft:interact": {
				"interactions": [
					{
						"use_item": false,
						"on_interact": {
							"target": "self"
						}
					}
				]
			},
			"minecraft:damage_sensor": {
				"triggers": {
					"cause": "all",
					"deals_damage": false
				}
			},
			"minecraft:type_family": {
				"family": [
					"npc",
					"mob"
				]
			},
			"minecraft:fire_immune": true,
			"minecraft:movement": {
				"value": 0.5
			},
			"minecraft:loot": {
				"table": "loot_tables/empty.json"
			},
			"minecraft:collision_box": {
				"width": 0.6,
				"height": 2.1
			},
			"minecraft:persistent": {},
			"minecraft:nameable": {
				"always_show": true,
				"allow_name_tag_renaming": false
			},
			"minecraft:physics": {},
			"minecraft:conditional_bandwidth_optimization": {},
			"minecraft:timer": {
				"looping": true,
				"time": [
					10,
					20
				],
				"time_down_event": {
					"event": "anvil"
				}
			}
		},
		"events": {
			"npc:despawn": {
				"add": {
					"component_groups": [
						"npc:despawn"
					]
				}
			}
		},
		"component_groups": {
			"npc:despawn": {
				"minecraft:instant_despawn": {}
			}
		}
	}
}